{
  "Greater London": "London",
  "City Of London": "London",
  "London": "London",

  "Camden": "London",
  "Westminster": "London",
  "Hackney": "London",
  "Islington": "London",
  "Tower Hamlets": "London",
  "Southwark": "London",
  "Lambeth": "London",
  "Wandsworth": "London",
  "Hammersmith And Fulham": "London",
  "Kensington And Chelsea": "London",
  "Brent": "London",
  "Ealing": "London",
  "Harrow": "London",
  "Hillingdon": "London",
  "Hounslow": "London",
  "Richmond Upon Thames": "London",
  "Kingston Upon Thames": "London",
  "Merton": "London",
  "Croydon": "London",
  "Bromley": "London",
  "Lewisham": "London",
  "Greenwich": "London",
  "Bexley": "London",
  "Newham": "London",
  "Redbridge": "London",
  "Waltham Forest": "London",
  "Haringey": "London",
  "Enfield": "London",
  "Barnet": "London",
  "Havering": "London",
  "Sutton": "London",

  "West Midlands County": "West Midlands",
  "West Midlands": "West Midlands",
  "Birmingham": "West Midlands",
  "Coventry": "West Midlands",
  "Wolverhampton": "West Midlands",
  "Dudley": "West Midlands",
  "Sandwell": "West Midlands",
  "Solihull": "West Midlands",
  "Walsall": "West Midlands",

  "Greater Manchester": "Greater Manchester",
  "GM": "Greater Manchester",
  "Manchester": "Greater Manchester",
  "Salford": "Greater Manchester",
  "Bolton": "Greater Manchester",
  "Bury": "Greater Manchester",
  "Oldham": "Greater Manchester",
  "Rochdale": "Greater Manchester",
  "Stockport": "Greater Manchester",
  "Tameside": "Greater Manchester",
  "Trafford": "Greater Manchester",
  "Wigan": "Greater Manchester",

  "West Yorkshire": "West Yorkshire",
  "Leeds": "West Yorkshire",
  "Bradford": "West Yorkshire",
  "Calderdale": "West Yorkshire",
  "Kirklees": "West Yorkshire",
  "Wakefield": "West Yorkshire",

  "Merseyside": "Merseyside",
  "Liverpool": "Merseyside",
  "Sefton": "Merseyside",
  "Knowsley": "Merseyside",
  "St Helens": "Merseyside",
  "Wirral": "Merseyside",

  "South Yorkshire": "South Yorkshire",
  "Sheffield": "South Yorkshire",
  "Rotherham": "South Yorkshire",
  "Barnsley": "South Yorkshire",
  "Doncaster": "South Yorkshire",

  "Tyne And Wear": "Tyne And Wear",
  "Newcastle Upon Tyne": "Tyne And Wear",
  "Gateshead": "Tyne And Wear",
  "North Tyneside": "Tyne And Wear",
  "South Tyneside": "Tyne And Wear",
  "Sunderland": "Tyne And Wear",

  "Bristol": "Bristol",
  "Herefordshire": "Herefordshire",
  "Rutland": "Rutland"
}
